Srno,VendorName,VendorCode
1,Aadya Enterprises,EN/24/A/003
2,AiSensy,EN/25/C/0004
3,Ambika Stationery & Xerox,EN/24/C/0003
4,Ananya Kaushik,EN/24/B/0020
5,Ankit Choudhary,EN/25/B/0010
6,Computer Express,EN/25/A/0011
7,Computer Plus,EN/25/A/0006
8,Freelancer,EN/25/D/0013
9,Google,EN/25/A/0002
10,HR One,EN/24/A/0023
11,Ion Internet,EN/24/A/0001
12,Iseen Lab Tech Pvt Ltd,EN/25/A/0001
13,KEKA,EN/25/A/0008
14,Life Designer Pvt Ltd,EN/24/A/0027
15,LinkedIn,EN/24/A/0019
16,Medha Cloud,EN/24/A/0009
17,Momo,EN/25/A/0009
18,Reimbursement,-
19,Info Edge Ltd â€“ Naukri,EN/24/A/0011
20,Option Print,EN/25/C/0005
21,PB Associates,EN/24/B/0022
22,Raj AC & Refrigeration,EN/25/A/0003
23,Sahil Mahale,EN/25/B/0007
24,Sandeep Gaikwad,EN/24/A/0014
25,Serve HR Pvt Ltd,EN/24/A/0022
26,Shivam Computer Stationery,EN/24/C/0027
27,Shreya Enterprises & Laxmi Stationery,EN/24/D/0004
28,Track On- SR International,EN/24/B/0005
29,Unique Publicity,EN/24/A/0014
30,Vikas Abhang & Associates,EN/24/B/0034
31,Your Dost,
32,Work India,EN/24/A/0002
33,LifeBox Technologies Pvt Ltd,EN/24/A/0020
34,Amazon,EN/24/C/0005
35,Asha Enterprises,EN/24/D/0001
36,Riddhi Enterprises,EN/24/C/0032
37,Croma,EN/24/C/0007
38,M/s Pranav Bhaskaran & Associates,EN/24/B/0030
39,Brevo,EN/24/B/0024
40,Go Daddy,EN/24/B/0025
41,Ligionest Technologies Pvt Ltd.,EN/25/A/0012